Workbook

Sheet LEIA-ME
A1: GESTÃO DA VIDA FUNCIONAL - ESTÁGIO PROBATÓRIO (SEED-PR)
A2: Manual de Instruções e Regras de Cálculo da Planilha Administrativa
A4: TÓPICO | B4: DESCRIÇÃO E REGRA DE NEGÓCIO
A5: REGRA DOS 36 MESES | B5: O Estágio Probatório possui duração regulamentar de 36 meses (3 anos / 1095 dias).
A6: DIAS DE AFASTAMENTO | B6: Licenças ou afastamentos legais inseridos na coluna 'dias_afastamento' prorrogam a data final do estágio automaticamente na mesma proporção.
A7: REGRA DA AVALIAÇÃO FORMATIVA (-90 DIAS) | B7: A Avaliação Formativa deve ser totalmente concluída EXATAMENTE 90 DIAS ANTES da data de término do Estágio Probatório.
A8: FASE FINAL DE AVALIAÇÃO | B8: Quando o cursista atinge os últimos 90 dias do estágio probatório, seu status muda automaticamente para 'FASE FINAL (Últimos 90 dias)', sinalizando à equipe pedagógica que a avaliação formativa final precisa ser encerrada.
A9: NÍVEL / ANO DO CURSISTA | B9: Calculado dinamicamente: Nível 1 (1º Ano), Nível 2 (2º Ano) ou Nível 3 (3º Ano) de acordo com o tempo decorrido do concurso/estágio.
A10: APP / CARD DO CURSISTA | B10: Os dados desta planilha alimentam visualmente o App / Card Gamificado de Vida Funcional exibido para cada cursista no portal.

Sheet VIDA_FUNCIONAL_ADM
A1: CGM | B1: Nome do Cursista | C1: CPF | D1: E-mail Google | E1: NRE | F1: Componente Curricular | G1: Instituição Lotação | H1: Instituição Exercício | I1: Vínculo | J1: Carga Horária | K1: ID Turma | L1: Formador Responsável | M1: Início Concurso | N1: Início Estágio | O1: Dias Afastamento | P1: Nível (Ano) | Q1: Fim Estágio Previsto | R1: Data Limite Avaliação Formativa (-90d) | S1: Dias Restantes Estágio | T1: Dias Restantes Avaliação Formativa | U1: Status Avaliação Formativa | V1: Status Estágio Probatório
A2: 1029384 | B2: Jorge Inacio Dotti | C2: 123.456.789-00 | D2: jorge.dotti@escola.pr.gov.br | E2: NRE Curitiba | F2: Matemática | G2: Colégio Estadual do Paraná | H2: Colégio Estadual do Paraná | I2: QPM | J2: 20h | K2: TURMA-MAT-01 | L2: Ana Maria Silva | M2: 2024-07-12 | N2: 2024-07-12 | O2: 0 | P2: =IF(N2="","",MIN(3,MAX(1,INT(YEARFRAC(N2,TODAY(),1))+1))) | Q2: =IF(N2="","",EDATE(N2,36)-1+O2) | R2: =IF(Q2="","",Q2-90) | S2: =IF(Q2="","",MAX(0,Q2-TODAY())) | T2: =IF(R2="","",MAX(0,R2-TODAY())) | U2: =IF(R2="","",IF(TODAY()>R2,"FINALIZADA (Prazo Excedido)",IF(T2<=30,"ALERTA: Fim Próximo (30d)","EM ANDAMENTO"))) | V2: =IF(S2="","",IF(S2=0,"CONCLUÍDO",IF(TODAY()>=R2,"FASE FINAL (Últimos 90 dias)","EM ANDAMENTO")))
A3: 2049581 | B3: Mariana Castro de Oliveira | C3: 987.654.321-11 | D3: mariana.castro@escola.pr.gov.br | E3: NRE Londrina | F3: Língua Portuguesa | G3: C.E. Vicente Rijo | H3: C.E. Vicente Rijo | I3: QPM | J3: 40h | K3: TURMA-POR-02 | L3: Carlos Eduardo | M3: 2023-09-01 | N3: 2023-09-01 | O3: 15 | P3: =IF(N3="","",MIN(3,MAX(1,INT(YEARFRAC(N3,TODAY(),1))+1))) | Q3: =IF(N3="","",EDATE(N3,36)-1+O3) | R3: =IF(Q3="","",Q3-90) | S3: =IF(Q3="","",MAX(0,Q3-TODAY())) | T3: =IF(R3="","",MAX(0,R3-TODAY())) | U3: =IF(R3="","",IF(TODAY()>R3,"FINALIZADA (Prazo Excedido)",IF(T3<=30,"ALERTA: Fim Próximo (30d)","EM ANDAMENTO"))) | V3: =IF(S3="","",IF(S3=0,"CONCLUÍDO",IF(TODAY()>=R3,"FASE FINAL (Últimos 90 dias)","EM ANDAMENTO")))
A4: 3058492 | B4: Roberto Carlos Ferreira | C4: 456.789.012-22 | D4: roberto.ferreira@escola.pr.gov.br | E4: NRE Maringá | F4: História | G4: C.E. Dr. Gastão Vidigal | H4: C.E. Dr. Gastão Vidigal | I4: QPM | J4: 20h | K4: TURMA-HIS-01 | L4: Fernanda Souza | M4: 2022-02-15 | N4: 2022-02-15 | O4: 30 | P4: =IF(N4="","",MIN(3,MAX(1,INT(YEARFRAC(N4,TODAY(),1))+1))) | Q4: =IF(N4="","",EDATE(N4,36)-1+O4) | R4: =IF(Q4="","",Q4-90) | S4: =IF(Q4="","",MAX(0,Q4-TODAY())) | T4: =IF(R4="","",MAX(0,R4-TODAY())) | U4: =IF(R4="","",IF(TODAY()>R4,"FINALIZADA (Prazo Excedido)",IF(T4<=30,"ALERTA: Fim Próximo (30d)","EM ANDAMENTO"))) | V4: =IF(S4="","",IF(S4=0,"CONCLUÍDO",IF(TODAY()>=R4,"FASE FINAL (Últimos 90 dias)","EM ANDAMENTO")))
A5: 4019283 | B5: Beatriz Souza Mendes | C5: 789.012.345-33 | D5: beatriz.mendes@escola.pr.gov.br | E5: NRE Cascavel | F5: Biologia | G5: C.E. Wilson Joffre | H5: C.E. Wilson Joffre | I5: PSS | J5: 20h | K5: TURMA-BIO-01 | L5: Juliana Lima | M5: 2025-01-20 | N5: 2025-01-20 | O5: 0 | P5: =IF(N5="","",MIN(3,MAX(1,INT(YEARFRAC(N5,TODAY(),1))+1))) | Q5: =IF(N5="","",EDATE(N5,36)-1+O5) | R5: =IF(Q5="","",Q5-90) | S5: =IF(Q5="","",MAX(0,Q5-TODAY())) | T5: =IF(R5="","",MAX(0,R5-TODAY())) | U5: =IF(R5="","",IF(TODAY()>R5,"FINALIZADA (Prazo Excedido)",IF(T5<=30,"ALERTA: Fim Próximo (30d)","EM ANDAMENTO"))) | V5: =IF(S5="","",IF(S5=0,"CONCLUÍDO",IF(TODAY()>=R5,"FASE FINAL (Últimos 90 dias)","EM ANDAMENTO")))

Sheet DASHBOARD_INDICADORES
A1: PAINEL DE INDICADORES DE GESTÃO DA VIDA FUNCIONAL
A3: INDICADOR | B3: QUANTIDADE
A4: TOTAL DE CURSISTAS CADASTRADOS | B4: =COUNTA(VIDA_FUNCIONAL_ADM!A2:A1000)
A5: CURSISTAS EM ANDAMENTO | B5: =COUNTIF(VIDA_FUNCIONAL_ADM!V2:V1000, "EM ANDAMENTO")
A6: CURSISTAS NA FASE FINAL DE AVALIAÇÃO (ÚLTIMOS 90 DIAS) | B6: =COUNTIF(VIDA_FUNCIONAL_ADM!V2:V1000, "FASE FINAL (Últimos 90 dias)")
A7: ESTÁGIOS PROBATÓRIOS CONCLUÍDOS | B7: =COUNTIF(VIDA_FUNCIONAL_ADM!V2:V1000, "CONCLUÍDO")
A8: AVALIAÇÕES FORMATIVAS COM PRAZO EXCEDIDO | B8: =COUNTIF(VIDA_FUNCIONAL_ADM!U2:U1000, "FINALIZADA (Prazo Excedido)")
